site_name,site_url
Badger Lake Campground,http://www.fs.usda.gov/recarea/mthood/recreation/camping-cabins/recarea/?recid=52784&actid=29
Bear Springs Group Campground,http://www.fs.usda.gov/recarea/mthood/recreation/camping-cabins/recarea/?recid=52786&actid=29
Bonney Crossing Campground,http://www.fs.usda.gov/recarea/mthood/recreation/camping-cabins/recarea/?recid=52790&actid=29
Bonney Meadow Campground,http://www.fs.usda.gov/recarea/mthood/recreation/camping-cabins/recarea/?recid=52792&actid=29
Bonney Meadows Trail  #471,http://www.fs.usda.gov/recarea/mthood/recreation/hiking/recarea/?recid=80374&actid=50
Clear Creek Crossing Campground,http://www.fs.usda.gov/recarea/mthood/recreation/camping-cabins/recarea/?recid=52800&actid=29
Eightmile Campground,http://www.fs.usda.gov/recarea/mthood/recreation/camping-cabins/recarea/?recid=52806&actid=29
Eightmile Loop Trail #496,http://www.fs.usda.gov/recarea/mthood/recreation/hiking/recarea/?recid=52810&actid=50
Fifteenmile Campground,http://www.fs.usda.gov/recarea/mthood/recreation/camping-cabins/recarea/?recid=52812&actid=29
Badger Creek Wilderness,http://www.fs.usda.gov/recarea/mthood/recarea/?recid=79434
Fifteenmile Trail #456,http://www.fs.usda.gov/recarea/mthood/recarea/?recid=53096
Forest Creek Campground,http://www.fs.usda.gov/recarea/mthood/recreation/camping-cabins/recarea/?recid=52818&actid=29
Keeps Mill Campground,http://www.fs.usda.gov/recarea/mthood/recreation/camping-cabins/recarea/?recid=52824&actid=29
Knebal Springs Campground,http://www.fs.usda.gov/recarea/mthood/recreation/camping-cabins/recarea/?recid=52826&actid=29
Knebal Springs Trail,http://www.fs.usda.gov/recarea/mthood/recreation/hiking/recarea/?recid=80346&actid=50
Little Badger Campground,http://www.fs.usda.gov/recarea/mthood/recreation/camping-cabins/recarea/?recid=52828&actid=29
Lower Eightmile Crossing Campground,http://www.fs.usda.gov/recarea/mthood/recreation/camping-cabins/recarea/?recid=52832&actid=29
McCubbins Gulch Campground,http://www.fs.usda.gov/recarea/mthood/recreation/camping-cabins/recarea/?recid=52834&actid=29
McCubbins Overflow Campground,http://www.fs.usda.gov/recarea/mthood/recreation/camping-cabins/recarea/?recid=53562&actid=29
Pebble Ford Campground,http://www.fs.usda.gov/recarea/mthood/recreation/camping-cabins/recarea/?recid=52838&actid=29
Rock Creek Reservoir Campground,http://www.fs.usda.gov/recarea/mthood/recreation/camping-cabins/recarea/?recid=52842&actid=29
Spring Drive RV Campground,http://www.fs.usda.gov/recarea/mthood/recreation/camping-cabins/recarea/?recid=80483&actid=29
White River Station Campground,http://www.fs.usda.gov/recarea/mthood/recreation/camping-cabins/recarea/?recid=52844&actid=29
Armstrong Campground,http://www.fs.usda.gov/recarea/mthood/recreation/camping-cabins/recarea/?recid=52878&actid=29
Bagby Campground,http://www.fs.usda.gov/recarea/mthood/recreation/camping-cabins/recarea/?recid=79271&actid=29
Breitenbush Lake Campground,http://www.fs.usda.gov/recarea/mthood/recreation/camping-cabins/recarea/?recid=52888&actid=29
Camp Ten (Olallie Lake) Campground,http://www.fs.usda.gov/recarea/mthood/recreation/camping-cabins/recarea/?recid=52898&actid=29
Carter Bridge Campground,http://www.fs.usda.gov/recarea/mthood/recreation/camping-cabins/recarea/?recid=52858&actid=29
Fish Creek Campground/Day Use,http://www.fs.usda.gov/recarea/mthood/recreation/camping-cabins/recarea/?recid=52924&actid=29
Hideaway Lake Campground,http://www.fs.usda.gov/recarea/mthood/recreation/camping-cabins/recarea/?recid=52938&actid=29
Horseshoe Lake Campground,http://www.fs.usda.gov/recarea/mthood/recreation/camping-cabins/recarea/?recid=52944&actid=29
Indian Henry Campground,http://www.fs.usda.gov/recarea/mthood/recreation/camping-cabins/recarea/?recid=52950&actid=29
Kingfisher Campground,http://www.fs.usda.gov/recarea/mthood/recreation/camping-cabins/recarea/?recid=52954&actid=29
Lake Harriet Campground/Day Use,http://www.fs.usda.gov/recarea/mthood/recreation/camping-cabins/recarea/?recid=52956&actid=29
Lazy Bend Campground,http://www.fs.usda.gov/recarea/mthood/recreation/camping-cabins/recarea/?recid=52958&actid=29
Lockaby Campground,http://www.fs.usda.gov/recarea/mthood/recreation/camping-cabins/recarea/?recid=52962&actid=29
Lower Lake Campground,http://www.fs.usda.gov/recarea/mthood/recreation/camping-cabins/recarea/?recid=52966&actid=29
Olallie Lake Resort,http://www.fs.usda.gov/recarea/mthood/recreation/camping-cabins/recarea/?recid=52978&actid=29
Olallie Meadow Campground,http://www.fs.usda.gov/recarea/mthood/recreation/camping-cabins/recarea/?recid=52982&actid=29
Paul Dennis (Olallie Lake) Campground,http://www.fs.usda.gov/recarea/mthood/recreation/camping-cabins/recarea/?recid=52990&actid=29
Peninsula (Olallie Lake) Campground,http://www.fs.usda.gov/recarea/mthood/recreation/camping-cabins/recarea/?recid=52994&actid=29
Raab Campground,http://www.fs.usda.gov/recarea/mthood/recreation/camping-cabins/recarea/?recid=53000&actid=29
Rainbow Campground,http://www.fs.usda.gov/recarea/mthood/recreation/camping-cabins/recarea/?recid=53002&actid=29
Ripplebrook Campground,http://www.fs.usda.gov/recarea/mthood/recreation/camping-cabins/recarea/?recid=53010&actid=29
Riverford Campground,http://www.fs.usda.gov/recarea/mthood/recreation/camping-cabins/recarea/?recid=53012&actid=29
Riverside Campground,http://www.fs.usda.gov/recarea/mthood/recreation/camping-cabins/recarea/?recid=53014&actid=29
Roaring River Campground,http://www.fs.usda.gov/recarea/mthood/recreation/camping-cabins/recarea/?recid=53018&actid=29
Shellrock Creek Campground,http://www.fs.usda.gov/recarea/mthood/recreation/camping-cabins/recarea/?recid=53034&actid=29
Sunstrip Campground,http://www.fs.usda.gov/recarea/mthood/recreation/camping-cabins/recarea/?recid=53040&actid=29
Barlow Creek Campground,http://www.fs.usda.gov/recarea/mthood/recreation/camping-cabins/recarea/?recid=53134&actid=29
Barlow Crossing Campground,http://www.fs.usda.gov/recarea/mthood/recreation/camping-cabins/recarea/?recid=53136&actid=29
Black Lake Campground,http://www.fs.usda.gov/recarea/mthood/recreation/camping-cabins/recarea/?recid=53150&actid=29
Clear Lake Campground,http://www.fs.usda.gov/recarea/mthood/recreation/camping-cabins/recarea/?recid=53058&actid=29
Cloud Cap Saddle Campground,http://www.fs.usda.gov/recarea/mthood/recreation/camping-cabins/recarea/?recid=53164&actid=29
Timberline National Historic Trail #600,http://www.fs.usda.gov/recarea/mthood/recreation/recarea/?recid=53506
Tilly Jane Trail #600A,http://www.fs.usda.gov/recarea/mthood/recarea/?recid=53624
Frog Lake Campground,http://www.fs.usda.gov/recarea/mthood/recreation/camping-cabins/recarea/?recid=53102&actid=29
Grindstone Campground,http://www.fs.usda.gov/recarea/mthood/recreation/camping-cabins/recarea/?recid=53200&actid=29
Kinnikinnick (Laurance Lake) Campground,http://www.fs.usda.gov/recarea/mthood/recreation/camping-cabins/recarea/?recid=53214&actid=29
Lost Lake Campground,http://www.fs.usda.gov/recarea/mthood/recreation/camping-cabins/recarea/?recid=53228&actid=29
Lost Lake Resort,http://www.fs.usda.gov/recarea/mthood/recreation/camping-cabins/recarea/?recid=53230&actid=29
Nottingham Campground,http://www.fs.usda.gov/recarea/mthood/recreation/camping-cabins/recarea/?recid=53256&actid=29
Rainy Lake Campground,http://www.fs.usda.gov/recarea/mthood/recreation/camping-cabins/recarea/?recid=53280&actid=29
Sherwood Campground,http://www.fs.usda.gov/recarea/mthood/recreation/camping-cabins/recarea/?recid=53294&actid=29
Tilly Jane Campground,http://www.fs.usda.gov/recarea/mthood/recreation/camping-cabins/recarea/?recid=53310&actid=29
Wahtum Lake Campground,http://www.fs.usda.gov/recarea/mthood/recreation/camping-cabins/recarea/?recid=53322&actid=29
Alpine Campground,http://www.fs.usda.gov/recarea/mthood/recreation/camping-cabins/recarea/?recid=53338&actid=29
Camp Creek Campground,http://www.fs.usda.gov/recarea/mthood/recreation/camping-cabins/recarea/?recid=53346&actid=29
Clackamas Lake Campground,http://www.fs.usda.gov/recarea/mthood/recreation/camping-cabins/recarea/?recid=53354&actid=29
Gone Creek (Timothy Lake) Campground,http://www.fs.usda.gov/recarea/mthood/recreation/camping-cabins/recarea/?recid=53108&actid=29
Green Canyon Campground,http://www.fs.usda.gov/recarea/mthood/recreation/camping-cabins/recarea/?recid=53386&actid=29
Hoodview (Timothy Lake) Campground,http://www.fs.usda.gov/recarea/mthood/recreation/camping-cabins/recarea/?recid=53392&actid=29
Joe Graham Horse Camp,http://www.fs.usda.gov/recarea/mthood/recreation/camping-cabins/recarea/?recid=53400&actid=29
Little Crater Lake Campground,http://www.fs.usda.gov/recarea/mthood/recreation/camping-cabins/recarea/?recid=53410&actid=29
Lost Creek Campground/Day Use,http://www.fs.usda.gov/recarea/mthood/recreation/camping-cabins/recarea/?recid=53418&actid=29
McNeil Campground,http://www.fs.usda.gov/recarea/mthood/recreation/camping-cabins/recarea/?recid=53424&actid=29
Meditation Point (Timothy Lake) Campground,http://www.fs.usda.gov/recarea/mthood/recreation/camping-cabins/recarea/?recid=53426&actid=29
Meditation Point Trail #526,http://www.fs.usda.gov/recarea/mthood/recreation/camping-cabins/recarea/?recid=75342&actid=29
North Arm (Timothy Lake) Campground,http://www.fs.usda.gov/recarea/mthood/recreation/camping-cabins/recarea/?recid=53436&actid=29
Oak Fork (Timothy Lake) Campground,http://www.fs.usda.gov/recarea/mthood/recreation/camping-cabins/recarea/?recid=53438&actid=29
Pine Point Campground,http://www.fs.usda.gov/recarea/mthood/recreation/camping-cabins/recarea/?recid=53450&actid=29
Riley Horse Campground,http://www.fs.usda.gov/recarea/mthood/recreation/camping-cabins/recarea/?recid=53464&actid=29
Still Creek Campground,http://www.fs.usda.gov/recarea/mthood/recreation/camping-cabins/recarea/?recid=53492&actid=29
Summit Lake Campground,http://www.fs.usda.gov/recarea/mthood/recreation/camping-cabins/recarea/?recid=53498&actid=29
The Cove (Timothy Lake) Day-Use,http://www.fs.usda.gov/recarea/mthood/recreation/camping-cabins/recarea/?recid=53504&actid=29
Tollgate Campground/Day-Use,http://www.fs.usda.gov/recarea/mthood/recreation/camping-cabins/recarea/?recid=53512&actid=29
Trillium Lake Campground,http://www.fs.usda.gov/recarea/mthood/recreation/camping-cabins/recarea/?recid=53634&actid=29
