facilityname,url
whispering falls campground,Willamette National Forest - Whispering Falls Campground.html
lost lake campground,Mt. Hood National Forest - Lost Lake Campground.html
lake harriet campground,Mt. Hood National Forest - Lake Harriet Campground_Day Use.html
kinnikinnick (laurance lake) campground,Mt. Hood National Forest - Kinnikinnick (Laurance Lake) Campground.html
fifteenmile campground,Mt. Hood National Forest - Fifteenmile Campground.html
clear lake campground,Mt. Hood National Forest - Clear Lake Campground.html
camp creek campground,Mt. Hood National Forest - Camp Creek Campground.html
badger lake campground,Mt. Hood National Forest - Badger Lake Campground.html
eagle creek campground,Columbia River Gorge National Scenic Area - Eagle Creek Campground.html
